{
    "alloc_samples": 22,
    "args": [
        "main.py"
    ],
    "elapsed_time_sec": 0.20038080215454102,
    "entrypoint_dir": "/home/hayshin/algos",
    "filename": "/home/hayshin/algos",
    "files": {
        "/home/hayshin/algos/main.py": {
            "functions": [
                {
                    "line": "main",
                    "lineno": 1,
                    "memory_samples": [
                        [
                            52174610,
                            25.447587966918945
                        ],
                        [
                            72421064,
                            35.54184913635254
                        ],
                        [
                            92630143,
                            45.636117935180664
                        ],
                        [
                            113700764,
                            55.73039436340332
                        ],
                        [
                            134069686,
                            65.82466316223145
                        ],
                        [
                            171672709,
                            75.91893196105957
                        ]
                    ],
                    "n_avg_mb": 60.00014400482178,
                    "n_copy_mb_s": 0.0,
                    "n_core_utilization": 0.06948176541747107,
                    "n_cpu_percent_c": 3.850399320789845,
                    "n_cpu_percent_python": 79.51672691667575,
                    "n_gpu_avg_memory_mb": 0.0,
                    "n_gpu_peak_memory_mb": 0.0,
                    "n_gpu_percent": 0.0,
                    "n_growth_mb": 60.00014400482178,
                    "n_malloc_mb": 60.00014400482178,
                    "n_mallocs": 1,
                    "n_peak_mb": 60.00014400482178,
                    "n_python_fraction": 0.9998203334903978,
                    "n_sys_percent": 16.63287376253439,
                    "n_usage_fraction": 0.7972463113899112
                }
            ],
            "imports": [],
            "leaks": {},
            "lines": [
                {
                    "end_outermost_loop": 6,
                    "end_region_line": 6,
                    "line": "def main():\n",
                    "lineno": 1,
                    "memory_samples": [],
                    "n_avg_mb": 0.0,
                    "n_copy_mb_s": 0.0,
                    "n_core_utilization": 0.0,
                    "n_cpu_percent_c": 0.0,
                    "n_cpu_percent_python": 0.0,
                    "n_gpu_avg_memory_mb": 0.0,
                    "n_gpu_peak_memory_mb": 0.0,
                    "n_gpu_percent": 0,
                    "n_growth_mb": 0.0,
                    "n_malloc_mb": 0.0,
                    "n_mallocs": 0,
                    "n_peak_mb": 0.0,
                    "n_python_fraction": 0,
                    "n_sys_percent": 0.0,
                    "n_usage_fraction": 0.0,
                    "start_outermost_loop": 1,
                    "start_region_line": 1
                },
                {
                    "end_outermost_loop": 2,
                    "end_region_line": 6,
                    "line": "    first_list = [\"hello\"] * 1_000_000\n",
                    "lineno": 2,
                    "memory_samples": [],
                    "n_avg_mb": 0.0,
                    "n_copy_mb_s": 0.0,
                    "n_core_utilization": 0.0,
                    "n_cpu_percent_c": 0.0,
                    "n_cpu_percent_python": 0.0,
                    "n_gpu_avg_memory_mb": 0.0,
                    "n_gpu_peak_memory_mb": 0.0,
                    "n_gpu_percent": 0,
                    "n_growth_mb": 0.0,
                    "n_malloc_mb": 0.0,
                    "n_mallocs": 0,
                    "n_peak_mb": 0.0,
                    "n_python_fraction": 0,
                    "n_sys_percent": 0.0,
                    "n_usage_fraction": 0.0,
                    "start_outermost_loop": 2,
                    "start_region_line": 1
                },
                {
                    "end_outermost_loop": 3,
                    "end_region_line": 6,
                    "line": "    second_list = [\"world\"] * 1_000_000\n",
                    "lineno": 3,
                    "memory_samples": [
                        [
                            31215181,
                            15.259086608886719
                        ]
                    ],
                    "n_avg_mb": 0.0,
                    "n_copy_mb_s": 0.0,
                    "n_core_utilization": 0.0,
                    "n_cpu_percent_c": 0.0,
                    "n_cpu_percent_python": 0.0,
                    "n_gpu_avg_memory_mb": 0.0,
                    "n_gpu_peak_memory_mb": 0.0,
                    "n_gpu_percent": 0,
                    "n_growth_mb": 15.259086608886719,
                    "n_malloc_mb": 15.259086608886719,
                    "n_mallocs": 0,
                    "n_peak_mb": 15.259086608886719,
                    "n_python_fraction": 1.0,
                    "n_sys_percent": 0.0,
                    "n_usage_fraction": 0.20275368861008886,
                    "start_outermost_loop": 3,
                    "start_region_line": 1
                },
                {
                    "end_outermost_loop": 5,
                    "end_region_line": 5,
                    "line": "    for i in range(1_000_000):\n",
                    "lineno": 4,
                    "memory_samples": [],
                    "n_avg_mb": 0.0,
                    "n_copy_mb_s": 0.0,
                    "n_core_utilization": 0.0,
                    "n_cpu_percent_c": 0.0,
                    "n_cpu_percent_python": 0.0,
                    "n_gpu_avg_memory_mb": 0.0,
                    "n_gpu_peak_memory_mb": 0.0,
                    "n_gpu_percent": 0,
                    "n_growth_mb": 0.0,
                    "n_malloc_mb": 0.0,
                    "n_mallocs": 0,
                    "n_peak_mb": 0.0,
                    "n_python_fraction": 0,
                    "n_sys_percent": 0.0,
                    "n_usage_fraction": 0.0,
                    "start_outermost_loop": 4,
                    "start_region_line": 4
                },
                {
                    "end_outermost_loop": 5,
                    "end_region_line": 5,
                    "line": "        first_list[i] += second_list[i]\n",
                    "lineno": 5,
                    "memory_samples": [
                        [
                            52174610,
                            25.447587966918945
                        ],
                        [
                            72421064,
                            35.54184913635254
                        ],
                        [
                            92630143,
                            45.636117935180664
                        ],
                        [
                            113700764,
                            55.73039436340332
                        ],
                        [
                            134069686,
                            65.82466316223145
                        ],
                        [
                            171672709,
                            75.91893196105957
                        ]
                    ],
                    "n_avg_mb": 60.00014400482178,
                    "n_copy_mb_s": 0.0,
                    "n_core_utilization": 0.06948176541747107,
                    "n_cpu_percent_c": 3.850399320789845,
                    "n_cpu_percent_python": 79.51672691667575,
                    "n_gpu_avg_memory_mb": 0.0,
                    "n_gpu_peak_memory_mb": 0.0,
                    "n_gpu_percent": 0.0,
                    "n_growth_mb": 60.00014400482178,
                    "n_malloc_mb": 60.00014400482178,
                    "n_mallocs": 1,